words,sources,links
amariconada,HateBase,https://hatebase.org/search_results/language_id=spa%7Cpage=1
amariconado,HateBase,https://hatebase.org/search_results/language_id=spa%7Cpage=1
bolillo,HateBase,https://hatebase.org/search_results/language_id=spa%7Cpage=1
bollera,HateBase,https://hatebase.org/search_results/language_id=spa%7Cpage=1
chele,HateBase,https://hatebase.org/search_results/language_id=spa%7Cpage=1
chelo,HateBase,https://hatebase.org/search_results/language_id=spa%7Cpage=1
guero,HateBase,https://hatebase.org/search_results/language_id=spa%7Cpage=1
chilango,HateBase,https://hatebase.org/search_results/language_id=spa%7Cpage=1
chola,HateBase,https://hatebase.org/search_results/language_id=spa%7Cpage=1
cholero,HateBase,https://hatebase.org/search_results/language_id=spa%7Cpage=1
cholo,HateBase,https://hatebase.org/search_results/language_id=spa%7Cpage=1
frijolera,HateBase,https://hatebase.org/search_results/language_id=spa%7Cpage=2
frijolero,HateBase,https://hatebase.org/search_results/language_id=spa%7Cpage=2
joto,HateBase,https://hatebase.org/search_results/language_id=spa%7Cpage=2
lagartona,HateBase,https://hatebase.org/search_results/language_id=spa%7Cpage=2
mandilon,HateBase,https://hatebase.org/search_results/language_id=spa%7Cpage=2
maricon,HateBase,https://hatebase.org/search_results/language_id=spa%7Cpage=2
maricona,HateBase,https://hatebase.org/search_results/language_id=spa%7Cpage=2
marrano,HateBase,https://hatebase.org/search_results/language_id=spa%7Cpage=3
mocho,HateBase,https://hatebase.org/search_results/language_id=spa%7Cpage=3
naca,HateBase,https://hatebase.org/search_results/language_id=spa%7Cpage=3
naco,HateBase,https://hatebase.org/search_results/language_id=spa%7Cpage=3
perra,HateBase,https://hatebase.org/search_results/language_id=spa%7Cpage=3
pinche negro,HateBase,https://hatebase.org/search_results/language_id=spa%7Cpage=3
prieto,HateBase,https://hatebase.org/search_results/language_id=spa%7Cpage=3
puta,HateBase,https://hatebase.org/search_results/language_id=spa%7Cpage=3
puto,HateBase,https://hatebase.org/search_results/language_id=spa%7Cpage=3
retrasado mental,HateBase,https://hatebase.org/search_results/language_id=spa%7Cpage=3
ruco,HateBase,https://hatebase.org/search_results/language_id=spa%7Cpage=3
